"id","time_created","time_updated","level","module_type_id","company_id"
"a2919b72-05d9-11ec-8788-005056bb008a","2021-08-25 19:21:23.513649","2021-08-25 19:21:23.513649","10","76","157dcbe8-05d9-11ec-882f-005056bb008a"
"a291a356-05d9-11ec-8789-005056bb008a","2021-08-25 19:21:23.513842","2021-08-25 19:21:23.513842","0","103","157dcbe8-05d9-11ec-882f-005056bb008a"
"a291a3b0-05d9-11ec-878a-005056bb008a","2021-08-25 19:21:23.51385","2021-08-25 19:21:23.51385","10","83","157dcbe8-05d9-11ec-882f-005056bb008a"
"a291a3e2-05d9-11ec-878b-005056bb008a","2021-08-25 19:21:23.513855","2021-08-25 19:21:23.513855","10","51","157dcbe8-05d9-11ec-882f-005056bb008a"
"a291a40a-05d9-11ec-878c-005056bb008a","2021-08-25 19:21:23.513859","2021-08-25 19:21:23.513859","10","97","157dcbe8-05d9-11ec-882f-005056bb008a"
"a291a43c-05d9-11ec-878d-005056bb008a","2021-08-25 19:21:23.513864","2021-08-25 19:21:23.513864","10","90","157dcbe8-05d9-11ec-882f-005056bb008a"
"a291a464-05d9-11ec-878e-005056bb008a","2021-08-25 19:21:23.513868","2021-08-25 19:21:23.513868","10","60","157dcbe8-05d9-11ec-882f-005056bb008a"
"a291a48c-05d9-11ec-878f-005056bb008a","2021-08-25 19:21:23.513872","2021-08-25 19:21:23.513872","10","68","157dcbe8-05d9-11ec-882f-005056bb008a"
"a291a4c8-05d9-11ec-8790-005056bb008a","2021-08-25 19:21:23.513878","2021-08-25 19:21:23.513878","10","1","157dcbe8-05d9-11ec-882f-005056bb008a"
"a291a4f0-05d9-11ec-8791-005056bb008a","2021-08-25 19:21:23.513882","2021-08-25 19:21:23.513882","10","11","157dcbe8-05d9-11ec-882f-005056bb008a"
"a291a522-05d9-11ec-8792-005056bb008a","2021-08-25 19:21:23.513887","2021-08-25 19:21:23.513887","80","5","157dcbe8-05d9-11ec-882f-005056bb008a"
"a291a54a-05d9-11ec-8793-005056bb008a","2021-08-25 19:21:23.513891","2021-08-25 19:21:23.513891","30","3","157dcbe8-05d9-11ec-882f-005056bb008a"
"a291a572-05d9-11ec-8794-005056bb008a","2021-08-25 19:21:23.513895","2021-08-25 19:21:23.513895","20","6","157dcbe8-05d9-11ec-882f-005056bb008a"
"a291a5a4-05d9-11ec-8795-005056bb008a","2021-08-25 19:21:23.513908","2021-08-25 19:21:23.513908","40","7","157dcbe8-05d9-11ec-882f-005056bb008a"
"a291a626-05d9-11ec-8796-005056bb008a","2021-08-25 19:21:23.513912","2021-08-25 19:21:23.513913","30","4","157dcbe8-05d9-11ec-882f-005056bb008a"
"a291a64e-05d9-11ec-8797-005056bb008a","2021-08-25 19:21:23.513917","2021-08-25 19:21:23.513917","40","50","157dcbe8-05d9-11ec-882f-005056bb008a"
"a291a676-05d9-11ec-8798-005056bb008a","2021-08-25 19:21:23.513921","2021-08-25 19:21:23.513921","10","59","157dcbe8-05d9-11ec-882f-005056bb008a"
"a291a69e-05d9-11ec-8799-005056bb008a","2021-08-25 19:21:23.513925","2021-08-25 19:21:23.513925","0","75","157dcbe8-05d9-11ec-882f-005056bb008a"
"a291a6d0-05d9-11ec-879a-005056bb008a","2021-08-25 19:21:23.51393","2021-08-25 19:21:23.51393","30","9","157dcbe8-05d9-11ec-882f-005056bb008a"
"a291a6f8-05d9-11ec-879b-005056bb008a","2021-08-25 19:21:23.513934","2021-08-25 19:21:23.513934","60","74","157dcbe8-05d9-11ec-882f-005056bb008a"
"a291a72a-05d9-11ec-879c-005056bb008a","2021-08-25 19:21:23.513939","2021-08-25 19:21:23.513939","20","12","157dcbe8-05d9-11ec-882f-005056bb008a"
"a291a752-05d9-11ec-879d-005056bb008a","2021-08-25 19:21:23.513943","2021-08-25 19:21:23.513943","30","8","157dcbe8-05d9-11ec-882f-005056bb008a"
"a291a77a-05d9-11ec-879e-005056bb008a","2021-08-25 19:21:23.513947","2021-08-25 19:21:23.513947","10","2","157dcbe8-05d9-11ec-882f-005056bb008a"
"a291a7ac-05d9-11ec-879f-005056bb008a","2021-08-25 19:21:23.513951","2021-08-25 19:21:23.513951","10","14","157dcbe8-05d9-11ec-882f-005056bb008a"
"a291a7d4-05d9-11ec-87a0-005056bb008a","2021-08-25 19:21:23.513956","2021-08-25 19:21:23.513956","60","10","157dcbe8-05d9-11ec-882f-005056bb008a"
"a291a7fc-05d9-11ec-87a1-005056bb008a","2021-08-25 19:21:23.51396","2021-08-25 19:21:23.51396","20","13","157dcbe8-05d9-11ec-882f-005056bb008a"
"a291a82e-05d9-11ec-87a2-005056bb008a","2021-08-25 19:21:23.513976","2021-08-25 19:21:23.513976","30","77","157dcbe8-05d9-11ec-882f-005056bb008a"
"a291a900-05d9-11ec-87a3-005056bb008a","2021-08-25 19:21:23.513986","2021-08-25 19:21:23.513986","0","104","157dcbe8-05d9-11ec-882f-005056bb008a"
"a291a928-05d9-11ec-87a4-005056bb008a","2021-08-25 19:21:23.51399","2021-08-25 19:21:23.51399","30","84","157dcbe8-05d9-11ec-882f-005056bb008a"
"a291a950-05d9-11ec-87a5-005056bb008a","2021-08-25 19:21:23.513994","2021-08-25 19:21:23.513994","30","52","157dcbe8-05d9-11ec-882f-005056bb008a"
"a291a982-05d9-11ec-87a6-005056bb008a","2021-08-25 19:21:23.513999","2021-08-25 19:21:23.513999","30","98","157dcbe8-05d9-11ec-882f-005056bb008a"
"a291a9aa-05d9-11ec-87a7-005056bb008a","2021-08-25 19:21:23.514003","2021-08-25 19:21:23.514003","30","91","157dcbe8-05d9-11ec-882f-005056bb008a"
"a291a9d2-05d9-11ec-87a8-005056bb008a","2021-08-25 19:21:23.514007","2021-08-25 19:21:23.514007","30","61","157dcbe8-05d9-11ec-882f-005056bb008a"
"a291aa04-05d9-11ec-87a9-005056bb008a","2021-08-25 19:21:23.514011","2021-08-25 19:21:23.514011","30","69","157dcbe8-05d9-11ec-882f-005056bb008a"
"a291aa2c-05d9-11ec-87aa-005056bb008a","2021-08-25 19:21:23.514016","2021-08-25 19:21:23.514016","20","81","157dcbe8-05d9-11ec-882f-005056bb008a"
"a291aa54-05d9-11ec-87ab-005056bb008a","2021-08-25 19:21:23.51402","2021-08-25 19:21:23.51402","20","95","157dcbe8-05d9-11ec-882f-005056bb008a"
"a291aa7c-05d9-11ec-87ac-005056bb008a","2021-08-25 19:21:23.514024","2021-08-25 19:21:23.514024","0","65","157dcbe8-05d9-11ec-882f-005056bb008a"
"a291aaae-05d9-11ec-87ad-005056bb008a","2021-08-25 19:21:23.514029","2021-08-25 19:21:23.514029","40","78","157dcbe8-05d9-11ec-882f-005056bb008a"
"a291aad6-05d9-11ec-87ae-005056bb008a","2021-08-25 19:21:23.514033","2021-08-25 19:21:23.514033","0","105","157dcbe8-05d9-11ec-882f-005056bb008a"
"a291aafe-05d9-11ec-87af-005056bb008a","2021-08-25 19:21:23.514049","2021-08-25 19:21:23.514049","40","85","157dcbe8-05d9-11ec-882f-005056bb008a"
"a291abbc-05d9-11ec-87b0-005056bb008a","2021-08-25 19:21:23.514055","2021-08-25 19:21:23.514056","40","53","157dcbe8-05d9-11ec-882f-005056bb008a"
"a291abe4-05d9-11ec-87b1-005056bb008a","2021-08-25 19:21:23.51406","2021-08-25 19:21:23.51406","40","99","157dcbe8-05d9-11ec-882f-005056bb008a"
"a291ac0c-05d9-11ec-87b2-005056bb008a","2021-08-25 19:21:23.514064","2021-08-25 19:21:23.514064","40","92","157dcbe8-05d9-11ec-882f-005056bb008a"
"a291ac3e-05d9-11ec-87b3-005056bb008a","2021-08-25 19:21:23.514069","2021-08-25 19:21:23.514069","40","62","157dcbe8-05d9-11ec-882f-005056bb008a"
"a291ac66-05d9-11ec-87b4-005056bb008a","2021-08-25 19:21:23.514073","2021-08-25 19:21:23.514073","40","70","157dcbe8-05d9-11ec-882f-005056bb008a"
"a291ac98-05d9-11ec-87b5-005056bb008a","2021-08-25 19:21:23.514077","2021-08-25 19:21:23.514078","20","93","157dcbe8-05d9-11ec-882f-005056bb008a"
"a291acc0-05d9-11ec-87b6-005056bb008a","2021-08-25 19:21:23.514082","2021-08-25 19:21:23.514082","0","46","157dcbe8-05d9-11ec-882f-005056bb008a"
"a291acf2-05d9-11ec-87b7-005056bb008a","2021-08-25 19:21:23.514086","2021-08-25 19:21:23.514086","0","73","157dcbe8-05d9-11ec-882f-005056bb008a"
"a291ad1a-05d9-11ec-87b8-005056bb008a","2021-08-25 19:21:23.514091","2021-08-25 19:21:23.514091","30","89","157dcbe8-05d9-11ec-882f-005056bb008a"
"a291ad42-05d9-11ec-87b9-005056bb008a","2021-08-25 19:21:23.514095","2021-08-25 19:21:23.514095","0","29","157dcbe8-05d9-11ec-882f-005056bb008a"
"a291ad74-05d9-11ec-87ba-005056bb008a","2021-08-25 19:21:23.5141","2021-08-25 19:21:23.5141","0","28","157dcbe8-05d9-11ec-882f-005056bb008a"
"a291ad9c-05d9-11ec-87bb-005056bb008a","2021-08-25 19:21:23.514104","2021-08-25 19:21:23.514104","0","27","157dcbe8-05d9-11ec-882f-005056bb008a"
"a291adce-05d9-11ec-87bc-005056bb008a","2021-08-25 19:21:23.514108","2021-08-25 19:21:23.514108","0","34","157dcbe8-05d9-11ec-882f-005056bb008a"
"a291adf6-05d9-11ec-87bd-005056bb008a","2021-08-25 19:21:23.514113","2021-08-25 19:21:23.514113","10","79","157dcbe8-05d9-11ec-882f-005056bb008a"
"a291ae1e-05d9-11ec-87be-005056bb008a","2021-08-25 19:21:23.514117","2021-08-25 19:21:23.514117","10","86","157dcbe8-05d9-11ec-882f-005056bb008a"
"a291ae50-05d9-11ec-87bf-005056bb008a","2021-08-25 19:21:23.514122","2021-08-25 19:21:23.514122","10","54","157dcbe8-05d9-11ec-882f-005056bb008a"
"a291ae78-05d9-11ec-87c0-005056bb008a","2021-08-25 19:21:23.514126","2021-08-25 19:21:23.514126","10","100","157dcbe8-05d9-11ec-882f-005056bb008a"
"a291aea0-05d9-11ec-87c1-005056bb008a","2021-08-25 19:21:23.51413","2021-08-25 19:21:23.51413","10","63","157dcbe8-05d9-11ec-882f-005056bb008a"
"a291aed2-05d9-11ec-87c2-005056bb008a","2021-08-25 19:21:23.514135","2021-08-25 19:21:23.514135","0","48","157dcbe8-05d9-11ec-882f-005056bb008a"
"a291aefa-05d9-11ec-87c3-005056bb008a","2021-08-25 19:21:23.514139","2021-08-25 19:21:23.514139","0","47","157dcbe8-05d9-11ec-882f-005056bb008a"
"a291af2c-05d9-11ec-87c4-005056bb008a","2021-08-25 19:21:23.514144","2021-08-25 19:21:23.514144","0","15","157dcbe8-05d9-11ec-882f-005056bb008a"
"a291af54-05d9-11ec-87c5-005056bb008a","2021-08-25 19:21:23.514148","2021-08-25 19:21:23.514148","10","25","157dcbe8-05d9-11ec-882f-005056bb008a"
"a291af86-05d9-11ec-87c6-005056bb008a","2021-08-25 19:21:23.514152","2021-08-25 19:21:23.514152","0","16","157dcbe8-05d9-11ec-882f-005056bb008a"
"a291afae-05d9-11ec-87c7-005056bb008a","2021-08-25 19:21:23.514157","2021-08-25 19:21:23.514157","0","26","157dcbe8-05d9-11ec-882f-005056bb008a"
"a291affe-05d9-11ec-87c8-005056bb008a","2021-08-25 19:21:23.514165","2021-08-25 19:21:23.514165","30","17","157dcbe8-05d9-11ec-882f-005056bb008a"
"a291b026-05d9-11ec-87c9-005056bb008a","2021-08-25 19:21:23.514169","2021-08-25 19:21:23.514169","90","36","157dcbe8-05d9-11ec-882f-005056bb008a"
"a291b058-05d9-11ec-87ca-005056bb008a","2021-08-25 19:21:23.514173","2021-08-25 19:21:23.514173","0","31","157dcbe8-05d9-11ec-882f-005056bb008a"
"a291b080-05d9-11ec-87cb-005056bb008a","2021-08-25 19:21:23.514178","2021-08-25 19:21:23.514178","0","33","157dcbe8-05d9-11ec-882f-005056bb008a"
"a291b0a8-05d9-11ec-87cc-005056bb008a","2021-08-25 19:21:23.514182","2021-08-25 19:21:23.514182","0","21","157dcbe8-05d9-11ec-882f-005056bb008a"
"a291b0da-05d9-11ec-87cd-005056bb008a","2021-08-25 19:21:23.514186","2021-08-25 19:21:23.514186","0","18","157dcbe8-05d9-11ec-882f-005056bb008a"
"a291b102-05d9-11ec-87ce-005056bb008a","2021-08-25 19:21:23.514191","2021-08-25 19:21:23.514191","0","58","157dcbe8-05d9-11ec-882f-005056bb008a"
"a291b12a-05d9-11ec-87cf-005056bb008a","2021-08-25 19:21:23.514195","2021-08-25 19:21:23.514195","40","19","157dcbe8-05d9-11ec-882f-005056bb008a"
"a291b15c-05d9-11ec-87d0-005056bb008a","2021-08-25 19:21:23.5142","2021-08-25 19:21:23.5142","20","37","157dcbe8-05d9-11ec-882f-005056bb008a"
"a291b184-05d9-11ec-87d1-005056bb008a","2021-08-25 19:21:23.514204","2021-08-25 19:21:23.514204","20","38","157dcbe8-05d9-11ec-882f-005056bb008a"
"a291b1b6-05d9-11ec-87d2-005056bb008a","2021-08-25 19:21:23.514209","2021-08-25 19:21:23.514209","20","39","157dcbe8-05d9-11ec-882f-005056bb008a"
"a291b1de-05d9-11ec-87d3-005056bb008a","2021-08-25 19:21:23.514213","2021-08-25 19:21:23.514213","20","40","157dcbe8-05d9-11ec-882f-005056bb008a"
"a291b210-05d9-11ec-87d4-005056bb008a","2021-08-25 19:21:23.514217","2021-08-25 19:21:23.514217","20","20","157dcbe8-05d9-11ec-882f-005056bb008a"
"a291b238-05d9-11ec-87d5-005056bb008a","2021-08-25 19:21:23.514222","2021-08-25 19:21:23.514222","90","30","157dcbe8-05d9-11ec-882f-005056bb008a"
"a291b260-05d9-11ec-87d6-005056bb008a","2021-08-25 19:21:23.514226","2021-08-25 19:21:23.514226","90","32","157dcbe8-05d9-11ec-882f-005056bb008a"
"a291b292-05d9-11ec-87d7-005056bb008a","2021-08-25 19:21:23.51423","2021-08-25 19:21:23.51423","0","22","157dcbe8-05d9-11ec-882f-005056bb008a"
"a291b2ba-05d9-11ec-87d8-005056bb008a","2021-08-25 19:21:23.514235","2021-08-25 19:21:23.514235","30","41","157dcbe8-05d9-11ec-882f-005056bb008a"
"a291b2e2-05d9-11ec-87d9-005056bb008a","2021-08-25 19:21:23.514239","2021-08-25 19:21:23.514239","20","80","157dcbe8-05d9-11ec-882f-005056bb008a"
"a291b314-05d9-11ec-87da-005056bb008a","2021-08-25 19:21:23.514244","2021-08-25 19:21:23.514244","0","107","157dcbe8-05d9-11ec-882f-005056bb008a"
"a291b33c-05d9-11ec-87db-005056bb008a","2021-08-25 19:21:23.514248","2021-08-25 19:21:23.514248","20","87","157dcbe8-05d9-11ec-882f-005056bb008a"
"a291b36e-05d9-11ec-87dc-005056bb008a","2021-08-25 19:21:23.514252","2021-08-25 19:21:23.514253","20","55","157dcbe8-05d9-11ec-882f-005056bb008a"
"a291b396-05d9-11ec-87dd-005056bb008a","2021-08-25 19:21:23.514257","2021-08-25 19:21:23.514257","20","101","157dcbe8-05d9-11ec-882f-005056bb008a"
"a291b3c8-05d9-11ec-87de-005056bb008a","2021-08-25 19:21:23.514261","2021-08-25 19:21:23.514261","20","94","157dcbe8-05d9-11ec-882f-005056bb008a"
"a291b3f0-05d9-11ec-87df-005056bb008a","2021-08-25 19:21:23.514266","2021-08-25 19:21:23.514266","20","64","157dcbe8-05d9-11ec-882f-005056bb008a"
"a291b418-05d9-11ec-87e0-005056bb008a","2021-08-25 19:21:23.51427","2021-08-25 19:21:23.51427","20","71","157dcbe8-05d9-11ec-882f-005056bb008a"
"a291b8aa-05d9-11ec-87e1-005056bb008a","2021-08-25 19:21:23.514387","2021-08-25 19:21:23.514387","10","42","157dcbe8-05d9-11ec-882f-005056bb008a"
"a291b8e6-05d9-11ec-87e2-005056bb008a","2021-08-25 19:21:23.514392","2021-08-25 19:21:23.514393","0","57","157dcbe8-05d9-11ec-882f-005056bb008a"
"a291b90e-05d9-11ec-87e3-005056bb008a","2021-08-25 19:21:23.514397","2021-08-25 19:21:23.514397","10","67","157dcbe8-05d9-11ec-882f-005056bb008a"
"a291b940-05d9-11ec-87e4-005056bb008a","2021-08-25 19:21:23.514401","2021-08-25 19:21:23.514401","10","82","157dcbe8-05d9-11ec-882f-005056bb008a"
"a291b968-05d9-11ec-87e5-005056bb008a","2021-08-25 19:21:23.514406","2021-08-25 19:21:23.514406","0","106","157dcbe8-05d9-11ec-882f-005056bb008a"
"a291b990-05d9-11ec-87e6-005056bb008a","2021-08-25 19:21:23.51441","2021-08-25 19:21:23.51441","10","88","157dcbe8-05d9-11ec-882f-005056bb008a"
"a291b9c2-05d9-11ec-87e7-005056bb008a","2021-08-25 19:21:23.514415","2021-08-25 19:21:23.514415","10","56","157dcbe8-05d9-11ec-882f-005056bb008a"
"a291b9ea-05d9-11ec-87e8-005056bb008a","2021-08-25 19:21:23.514419","2021-08-25 19:21:23.514419","10","102","157dcbe8-05d9-11ec-882f-005056bb008a"
"a291ba1c-05d9-11ec-87e9-005056bb008a","2021-08-25 19:21:23.514424","2021-08-25 19:21:23.514424","10","96","157dcbe8-05d9-11ec-882f-005056bb008a"
"a291ba44-05d9-11ec-87ea-005056bb008a","2021-08-25 19:21:23.514428","2021-08-25 19:21:23.514428","10","66","157dcbe8-05d9-11ec-882f-005056bb008a"
"a291ba76-05d9-11ec-87eb-005056bb008a","2021-08-25 19:21:23.514432","2021-08-25 19:21:23.514433","10","72","157dcbe8-05d9-11ec-882f-005056bb008a"
"a291ba9e-05d9-11ec-87ec-005056bb008a","2021-08-25 19:21:23.514437","2021-08-25 19:21:23.514437","10","23","157dcbe8-05d9-11ec-882f-005056bb008a"
"a291bad0-05d9-11ec-87ed-005056bb008a","2021-08-25 19:21:23.514441","2021-08-25 19:21:23.514441","10","24","157dcbe8-05d9-11ec-882f-005056bb008a"
"a291bb20-05d9-11ec-87ee-005056bb008a","2021-08-25 19:21:23.514449","2021-08-25 19:21:23.514449","10","44","157dcbe8-05d9-11ec-882f-005056bb008a"
"a291bb48-05d9-11ec-87ef-005056bb008a","2021-08-25 19:21:23.514454","2021-08-25 19:21:23.514454","0","45","157dcbe8-05d9-11ec-882f-005056bb008a"
"a291bb7a-05d9-11ec-87f0-005056bb008a","2021-08-25 19:21:23.514458","2021-08-25 19:21:23.514458","10","43","157dcbe8-05d9-11ec-882f-005056bb008a"
"a291bba2-05d9-11ec-87f1-005056bb008a","2021-08-25 19:21:23.514463","2021-08-25 19:21:23.514463","10","35","157dcbe8-05d9-11ec-882f-005056bb008a"
"aa1f8ebc-05d9-11ec-81be-005056bb008a","2021-08-25 19:21:36.187987","2021-08-25 19:21:36.187987","10","76","15c8bdba-05d9-11ec-a4c4-005056bb008a"
"aa1f9452-05d9-11ec-81bf-005056bb008a","2021-08-25 19:21:36.188119","2021-08-25 19:21:36.18812","0","103","15c8bdba-05d9-11ec-a4c4-005056bb008a"
"aa1f9498-05d9-11ec-81c0-005056bb008a","2021-08-25 19:21:36.188126","2021-08-25 19:21:36.188126","10","83","15c8bdba-05d9-11ec-a4c4-005056bb008a"
"aa1f94d4-05d9-11ec-81c1-005056bb008a","2021-08-25 19:21:36.188132","2021-08-25 19:21:36.188132","10","51","15c8bdba-05d9-11ec-a4c4-005056bb008a"
"aa1f94fc-05d9-11ec-81c2-005056bb008a","2021-08-25 19:21:36.188136","2021-08-25 19:21:36.188136","10","97","15c8bdba-05d9-11ec-a4c4-005056bb008a"
"aa1f952e-05d9-11ec-81c3-005056bb008a","2021-08-25 19:21:36.188141","2021-08-25 19:21:36.188141","10","90","15c8bdba-05d9-11ec-a4c4-005056bb008a"
"aa1f9560-05d9-11ec-81c4-005056bb008a","2021-08-25 19:21:36.188145","2021-08-25 19:21:36.188145","10","60","15c8bdba-05d9-11ec-a4c4-005056bb008a"
"aa1f9588-05d9-11ec-81c5-005056bb008a","2021-08-25 19:21:36.18815","2021-08-25 19:21:36.18815","10","68","15c8bdba-05d9-11ec-a4c4-005056bb008a"
"aa1f95ba-05d9-11ec-81c6-005056bb008a","2021-08-25 19:21:36.188155","2021-08-25 19:21:36.188155","10","1","15c8bdba-05d9-11ec-a4c4-005056bb008a"
"aa1f9614-05d9-11ec-81c7-005056bb008a","2021-08-25 19:21:36.188164","2021-08-25 19:21:36.188164","10","11","15c8bdba-05d9-11ec-a4c4-005056bb008a"
"aa1f963c-05d9-11ec-81c8-005056bb008a","2021-08-25 19:21:36.188168","2021-08-25 19:21:36.188168","80","5","15c8bdba-05d9-11ec-a4c4-005056bb008a"
"aa1f966e-05d9-11ec-81c9-005056bb008a","2021-08-25 19:21:36.188173","2021-08-25 19:21:36.188173","30","3","15c8bdba-05d9-11ec-a4c4-005056bb008a"
"aa1f9696-05d9-11ec-81ca-005056bb008a","2021-08-25 19:21:36.188177","2021-08-25 19:21:36.188177","20","6","15c8bdba-05d9-11ec-a4c4-005056bb008a"
"aa1f96c8-05d9-11ec-81cb-005056bb008a","2021-08-25 19:21:36.188182","2021-08-25 19:21:36.188182","40","7","15c8bdba-05d9-11ec-a4c4-005056bb008a"
"aa1f96f0-05d9-11ec-81cc-005056bb008a","2021-08-25 19:21:36.188186","2021-08-25 19:21:36.188186","30","4","15c8bdba-05d9-11ec-a4c4-005056bb008a"
"aa1f9718-05d9-11ec-81cd-005056bb008a","2021-08-25 19:21:36.18819","2021-08-25 19:21:36.18819","40","50","15c8bdba-05d9-11ec-a4c4-005056bb008a"
"aa1f974a-05d9-11ec-81ce-005056bb008a","2021-08-25 19:21:36.188195","2021-08-25 19:21:36.188195","10","59","15c8bdba-05d9-11ec-a4c4-005056bb008a"
"aa1f9772-05d9-11ec-81cf-005056bb008a","2021-08-25 19:21:36.188199","2021-08-25 19:21:36.188199","0","75","15c8bdba-05d9-11ec-a4c4-005056bb008a"
"aa1f97a4-05d9-11ec-81d0-005056bb008a","2021-08-25 19:21:36.188204","2021-08-25 19:21:36.188204","30","9","15c8bdba-05d9-11ec-a4c4-005056bb008a"
"aa1f97cc-05d9-11ec-81d1-005056bb008a","2021-08-25 19:21:36.188208","2021-08-25 19:21:36.188208","60","74","15c8bdba-05d9-11ec-a4c4-005056bb008a"
"aa1f97fe-05d9-11ec-81d2-005056bb008a","2021-08-25 19:21:36.188213","2021-08-25 19:21:36.188213","20","12","15c8bdba-05d9-11ec-a4c4-005056bb008a"
"aa1f9826-05d9-11ec-81d3-005056bb008a","2021-08-25 19:21:36.188217","2021-08-25 19:21:36.188217","30","8","15c8bdba-05d9-11ec-a4c4-005056bb008a"
"aa1f984e-05d9-11ec-81d4-005056bb008a","2021-08-25 19:21:36.188221","2021-08-25 19:21:36.188221","10","2","15c8bdba-05d9-11ec-a4c4-005056bb008a"
"aa1f9880-05d9-11ec-81d5-005056bb008a","2021-08-25 19:21:36.188226","2021-08-25 19:21:36.188226","10","14","15c8bdba-05d9-11ec-a4c4-005056bb008a"
"aa1f98a8-05d9-11ec-81d6-005056bb008a","2021-08-25 19:21:36.18823","2021-08-25 19:21:36.18823","60","10","15c8bdba-05d9-11ec-a4c4-005056bb008a"
"aa1f98da-05d9-11ec-81d7-005056bb008a","2021-08-25 19:21:36.188234","2021-08-25 19:21:36.188234","20","13","15c8bdba-05d9-11ec-a4c4-005056bb008a"
"aa1f990c-05d9-11ec-81d8-005056bb008a","2021-08-25 19:21:36.18824","2021-08-25 19:21:36.18824","30","77","15c8bdba-05d9-11ec-a4c4-005056bb008a"
"aa1f993e-05d9-11ec-81d9-005056bb008a","2021-08-25 19:21:36.188245","2021-08-25 19:21:36.188245","0","104","15c8bdba-05d9-11ec-a4c4-005056bb008a"
"aa1f9966-05d9-11ec-81da-005056bb008a","2021-08-25 19:21:36.188249","2021-08-25 19:21:36.188249","30","84","15c8bdba-05d9-11ec-a4c4-005056bb008a"
"aa1f9998-05d9-11ec-81db-005056bb008a","2021-08-25 19:21:36.188254","2021-08-25 19:21:36.188254","30","52","15c8bdba-05d9-11ec-a4c4-005056bb008a"
"aa1f99c0-05d9-11ec-81dc-005056bb008a","2021-08-25 19:21:36.188258","2021-08-25 19:21:36.188258","30","98","15c8bdba-05d9-11ec-a4c4-005056bb008a"
"aa1f99f2-05d9-11ec-81dd-005056bb008a","2021-08-25 19:21:36.188263","2021-08-25 19:21:36.188263","30","91","15c8bdba-05d9-11ec-a4c4-005056bb008a"
"aa1f9a1a-05d9-11ec-81de-005056bb008a","2021-08-25 19:21:36.188267","2021-08-25 19:21:36.188267","30","61","15c8bdba-05d9-11ec-a4c4-005056bb008a"
"aa1f9a4c-05d9-11ec-81df-005056bb008a","2021-08-25 19:21:36.188271","2021-08-25 19:21:36.188272","30","69","15c8bdba-05d9-11ec-a4c4-005056bb008a"
"aa1f9a74-05d9-11ec-81e0-005056bb008a","2021-08-25 19:21:36.188276","2021-08-25 19:21:36.188276","20","81","15c8bdba-05d9-11ec-a4c4-005056bb008a"
"aa1f9a9c-05d9-11ec-81e1-005056bb008a","2021-08-25 19:21:36.18828","2021-08-25 19:21:36.18828","20","95","15c8bdba-05d9-11ec-a4c4-005056bb008a"
"aa1f9ace-05d9-11ec-81e2-005056bb008a","2021-08-25 19:21:36.188285","2021-08-25 19:21:36.188285","0","65","15c8bdba-05d9-11ec-a4c4-005056bb008a"
"aa1f9af6-05d9-11ec-81e3-005056bb008a","2021-08-25 19:21:36.188289","2021-08-25 19:21:36.188289","40","78","15c8bdba-05d9-11ec-a4c4-005056bb008a"
"aa1f9b28-05d9-11ec-81e4-005056bb008a","2021-08-25 19:21:36.188293","2021-08-25 19:21:36.188294","0","105","15c8bdba-05d9-11ec-a4c4-005056bb008a"
"aa1f9b50-05d9-11ec-81e5-005056bb008a","2021-08-25 19:21:36.188298","2021-08-25 19:21:36.188298","40","85","15c8bdba-05d9-11ec-a4c4-005056bb008a"
"aa1f9b78-05d9-11ec-81e6-005056bb008a","2021-08-25 19:21:36.188302","2021-08-25 19:21:36.188302","40","53","15c8bdba-05d9-11ec-a4c4-005056bb008a"
"aa1f9baa-05d9-11ec-81e7-005056bb008a","2021-08-25 19:21:36.188307","2021-08-25 19:21:36.188307","40","99","15c8bdba-05d9-11ec-a4c4-005056bb008a"
"aa1f9bd2-05d9-11ec-81e8-005056bb008a","2021-08-25 19:21:36.188311","2021-08-25 19:21:36.188311","40","92","15c8bdba-05d9-11ec-a4c4-005056bb008a"
"aa1f9c04-05d9-11ec-81e9-005056bb008a","2021-08-25 19:21:36.188315","2021-08-25 19:21:36.188316","40","62","15c8bdba-05d9-11ec-a4c4-005056bb008a"
"aa1f9c2c-05d9-11ec-81ea-005056bb008a","2021-08-25 19:21:36.18832","2021-08-25 19:21:36.18832","40","70","15c8bdba-05d9-11ec-a4c4-005056bb008a"
"aa1f9c54-05d9-11ec-81eb-005056bb008a","2021-08-25 19:21:36.188324","2021-08-25 19:21:36.188324","20","93","15c8bdba-05d9-11ec-a4c4-005056bb008a"
"aa1f9c86-05d9-11ec-81ec-005056bb008a","2021-08-25 19:21:36.188329","2021-08-25 19:21:36.188329","0","46","15c8bdba-05d9-11ec-a4c4-005056bb008a"
"aa1f9d26-05d9-11ec-81ed-005056bb008a","2021-08-25 19:21:36.188345","2021-08-25 19:21:36.188345","0","73","15c8bdba-05d9-11ec-a4c4-005056bb008a"
"aa1f9d62-05d9-11ec-81ee-005056bb008a","2021-08-25 19:21:36.188351","2021-08-25 19:21:36.188351","30","89","15c8bdba-05d9-11ec-a4c4-005056bb008a"
"aa1f9d8a-05d9-11ec-81ef-005056bb008a","2021-08-25 19:21:36.188355","2021-08-25 19:21:36.188355","0","29","15c8bdba-05d9-11ec-a4c4-005056bb008a"
"aa1f9dbc-05d9-11ec-81f0-005056bb008a","2021-08-25 19:21:36.18836","2021-08-25 19:21:36.18836","0","28","15c8bdba-05d9-11ec-a4c4-005056bb008a"
"aa1f9de4-05d9-11ec-81f1-005056bb008a","2021-08-25 19:21:36.188364","2021-08-25 19:21:36.188364","0","27","15c8bdba-05d9-11ec-a4c4-005056bb008a"
"aa1f9e16-05d9-11ec-81f2-005056bb008a","2021-08-25 19:21:36.188369","2021-08-25 19:21:36.188369","0","34","15c8bdba-05d9-11ec-a4c4-005056bb008a"
"aa1f9e3e-05d9-11ec-81f3-005056bb008a","2021-08-25 19:21:36.188373","2021-08-25 19:21:36.188373","10","79","15c8bdba-05d9-11ec-a4c4-005056bb008a"
"aa1f9e70-05d9-11ec-81f4-005056bb008a","2021-08-25 19:21:36.188378","2021-08-25 19:21:36.188378","10","86","15c8bdba-05d9-11ec-a4c4-005056bb008a"
"aa1f9e98-05d9-11ec-81f5-005056bb008a","2021-08-25 19:21:36.188382","2021-08-25 19:21:36.188382","10","54","15c8bdba-05d9-11ec-a4c4-005056bb008a"
"aa1f9eca-05d9-11ec-81f6-005056bb008a","2021-08-25 19:21:36.188386","2021-08-25 19:21:36.188387","10","100","15c8bdba-05d9-11ec-a4c4-005056bb008a"
"aa1f9ef2-05d9-11ec-81f7-005056bb008a","2021-08-25 19:21:36.188391","2021-08-25 19:21:36.188391","10","63","15c8bdba-05d9-11ec-a4c4-005056bb008a"
"aa1f9f24-05d9-11ec-81f8-005056bb008a","2021-08-25 19:21:36.188395","2021-08-25 19:21:36.188395","0","48","15c8bdba-05d9-11ec-a4c4-005056bb008a"
"aa1f9f4c-05d9-11ec-81f9-005056bb008a","2021-08-25 19:21:36.1884","2021-08-25 19:21:36.1884","0","47","15c8bdba-05d9-11ec-a4c4-005056bb008a"
"aa1f9f7e-05d9-11ec-81fa-005056bb008a","2021-08-25 19:21:36.188404","2021-08-25 19:21:36.188404","0","15","15c8bdba-05d9-11ec-a4c4-005056bb008a"
"aa1f9fa6-05d9-11ec-81fb-005056bb008a","2021-08-25 19:21:36.188409","2021-08-25 19:21:36.188409","10","25","15c8bdba-05d9-11ec-a4c4-005056bb008a"
"aa1f9fd8-05d9-11ec-81fc-005056bb008a","2021-08-25 19:21:36.188413","2021-08-25 19:21:36.188413","0","16","15c8bdba-05d9-11ec-a4c4-005056bb008a"
"aa1fa000-05d9-11ec-81fd-005056bb008a","2021-08-25 19:21:36.188418","2021-08-25 19:21:36.188418","0","26","15c8bdba-05d9-11ec-a4c4-005056bb008a"
"aa1fa032-05d9-11ec-81fe-005056bb008a","2021-08-25 19:21:36.188422","2021-08-25 19:21:36.188423","30","17","15c8bdba-05d9-11ec-a4c4-005056bb008a"
"aa1fa05a-05d9-11ec-81ff-005056bb008a","2021-08-25 19:21:36.188427","2021-08-25 19:21:36.188427","90","36","15c8bdba-05d9-11ec-a4c4-005056bb008a"
"aa1fa08c-05d9-11ec-8200-005056bb008a","2021-08-25 19:21:36.188432","2021-08-25 19:21:36.188432","0","31","15c8bdba-05d9-11ec-a4c4-005056bb008a"
"aa1fa0b4-05d9-11ec-8201-005056bb008a","2021-08-25 19:21:36.188436","2021-08-25 19:21:36.188436","0","33","15c8bdba-05d9-11ec-a4c4-005056bb008a"
"aa1fa0e6-05d9-11ec-8202-005056bb008a","2021-08-25 19:21:36.188441","2021-08-25 19:21:36.188441","0","21","15c8bdba-05d9-11ec-a4c4-005056bb008a"
"aa1fa10e-05d9-11ec-8203-005056bb008a","2021-08-25 19:21:36.188445","2021-08-25 19:21:36.188445","0","18","15c8bdba-05d9-11ec-a4c4-005056bb008a"
"aa1fa140-05d9-11ec-8204-005056bb008a","2021-08-25 19:21:36.18845","2021-08-25 19:21:36.18845","0","58","15c8bdba-05d9-11ec-a4c4-005056bb008a"
"aa1fa47e-05d9-11ec-8205-005056bb008a","2021-08-25 19:21:36.188533","2021-08-25 19:21:36.188533","40","19","15c8bdba-05d9-11ec-a4c4-005056bb008a"
"aa1fa4b0-05d9-11ec-8206-005056bb008a","2021-08-25 19:21:36.188538","2021-08-25 19:21:36.188538","20","37","15c8bdba-05d9-11ec-a4c4-005056bb008a"
"aa1fa4d8-05d9-11ec-8207-005056bb008a","2021-08-25 19:21:36.188542","2021-08-25 19:21:36.188542","20","38","15c8bdba-05d9-11ec-a4c4-005056bb008a"
"aa1fa50a-05d9-11ec-8208-005056bb008a","2021-08-25 19:21:36.188547","2021-08-25 19:21:36.188547","20","39","15c8bdba-05d9-11ec-a4c4-005056bb008a"
"aa1fa532-05d9-11ec-8209-005056bb008a","2021-08-25 19:21:36.188551","2021-08-25 19:21:36.188551","20","40","15c8bdba-05d9-11ec-a4c4-005056bb008a"
"aa1fa564-05d9-11ec-820a-005056bb008a","2021-08-25 19:21:36.188556","2021-08-25 19:21:36.188556","20","20","15c8bdba-05d9-11ec-a4c4-005056bb008a"
"aa1fa58c-05d9-11ec-820b-005056bb008a","2021-08-25 19:21:36.18856","2021-08-25 19:21:36.18856","90","30","15c8bdba-05d9-11ec-a4c4-005056bb008a"
"aa1fa5be-05d9-11ec-820c-005056bb008a","2021-08-25 19:21:36.188565","2021-08-25 19:21:36.188565","90","32","15c8bdba-05d9-11ec-a4c4-005056bb008a"
"aa1fa5e6-05d9-11ec-820d-005056bb008a","2021-08-25 19:21:36.188569","2021-08-25 19:21:36.188569","0","22","15c8bdba-05d9-11ec-a4c4-005056bb008a"
"aa1fa618-05d9-11ec-820e-005056bb008a","2021-08-25 19:21:36.188574","2021-08-25 19:21:36.188574","30","41","15c8bdba-05d9-11ec-a4c4-005056bb008a"
"aa1fa640-05d9-11ec-820f-005056bb008a","2021-08-25 19:21:36.188578","2021-08-25 19:21:36.188578","20","80","15c8bdba-05d9-11ec-a4c4-005056bb008a"
"aa1fa672-05d9-11ec-8210-005056bb008a","2021-08-25 19:21:36.188583","2021-08-25 19:21:36.188583","0","107","15c8bdba-05d9-11ec-a4c4-005056bb008a"
"aa1fa69a-05d9-11ec-8211-005056bb008a","2021-08-25 19:21:36.188587","2021-08-25 19:21:36.188587","20","87","15c8bdba-05d9-11ec-a4c4-005056bb008a"
"aa1fa6cc-05d9-11ec-8212-005056bb008a","2021-08-25 19:21:36.188592","2021-08-25 19:21:36.188592","20","55","15c8bdba-05d9-11ec-a4c4-005056bb008a"
"aa1fa71c-05d9-11ec-8213-005056bb008a","2021-08-25 19:21:36.188599","2021-08-25 19:21:36.188599","20","101","15c8bdba-05d9-11ec-a4c4-005056bb008a"
"aa1fa744-05d9-11ec-8214-005056bb008a","2021-08-25 19:21:36.188604","2021-08-25 19:21:36.188604","20","94","15c8bdba-05d9-11ec-a4c4-005056bb008a"
"aa1fa776-05d9-11ec-8215-005056bb008a","2021-08-25 19:21:36.188608","2021-08-25 19:21:36.188609","20","64","15c8bdba-05d9-11ec-a4c4-005056bb008a"
"aa1fa79e-05d9-11ec-8216-005056bb008a","2021-08-25 19:21:36.188613","2021-08-25 19:21:36.188613","20","71","15c8bdba-05d9-11ec-a4c4-005056bb008a"
"aa1fa7d0-05d9-11ec-8217-005056bb008a","2021-08-25 19:21:36.188617","2021-08-25 19:21:36.188617","10","42","15c8bdba-05d9-11ec-a4c4-005056bb008a"
"aa1fa7f8-05d9-11ec-8218-005056bb008a","2021-08-25 19:21:36.188622","2021-08-25 19:21:36.188622","0","57","15c8bdba-05d9-11ec-a4c4-005056bb008a"
"aa1fa820-05d9-11ec-8219-005056bb008a","2021-08-25 19:21:36.188626","2021-08-25 19:21:36.188626","10","67","15c8bdba-05d9-11ec-a4c4-005056bb008a"
"aa1fa852-05d9-11ec-821a-005056bb008a","2021-08-25 19:21:36.188631","2021-08-25 19:21:36.188631","10","82","15c8bdba-05d9-11ec-a4c4-005056bb008a"
"aa1fa87a-05d9-11ec-821b-005056bb008a","2021-08-25 19:21:36.188635","2021-08-25 19:21:36.188635","0","106","15c8bdba-05d9-11ec-a4c4-005056bb008a"
"aa1fa8ac-05d9-11ec-821c-005056bb008a","2021-08-25 19:21:36.188639","2021-08-25 19:21:36.188639","10","88","15c8bdba-05d9-11ec-a4c4-005056bb008a"
"aa1fa8d4-05d9-11ec-821d-005056bb008a","2021-08-25 19:21:36.188644","2021-08-25 19:21:36.188644","10","56","15c8bdba-05d9-11ec-a4c4-005056bb008a"
"aa1fa906-05d9-11ec-821e-005056bb008a","2021-08-25 19:21:36.188648","2021-08-25 19:21:36.188648","10","102","15c8bdba-05d9-11ec-a4c4-005056bb008a"
"aa1fa92e-05d9-11ec-821f-005056bb008a","2021-08-25 19:21:36.188653","2021-08-25 19:21:36.188653","10","96","15c8bdba-05d9-11ec-a4c4-005056bb008a"
"aa1fa960-05d9-11ec-8220-005056bb008a","2021-08-25 19:21:36.188657","2021-08-25 19:21:36.188657","10","66","15c8bdba-05d9-11ec-a4c4-005056bb008a"
"aa1fa988-05d9-11ec-8221-005056bb008a","2021-08-25 19:21:36.188662","2021-08-25 19:21:36.188662","10","72","15c8bdba-05d9-11ec-a4c4-005056bb008a"
"aa1fa9ba-05d9-11ec-8222-005056bb008a","2021-08-25 19:21:36.188666","2021-08-25 19:21:36.188666","10","23","15c8bdba-05d9-11ec-a4c4-005056bb008a"
"aa1fa9e2-05d9-11ec-8223-005056bb008a","2021-08-25 19:21:36.188671","2021-08-25 19:21:36.188671","10","24","15c8bdba-05d9-11ec-a4c4-005056bb008a"
"aa1faa14-05d9-11ec-8224-005056bb008a","2021-08-25 19:21:36.188675","2021-08-25 19:21:36.188675","10","44","15c8bdba-05d9-11ec-a4c4-005056bb008a"
"aa1faa3c-05d9-11ec-8225-005056bb008a","2021-08-25 19:21:36.18868","2021-08-25 19:21:36.18868","0","45","15c8bdba-05d9-11ec-a4c4-005056bb008a"
"aa1faa6e-05d9-11ec-8226-005056bb008a","2021-08-25 19:21:36.188684","2021-08-25 19:21:36.188684","10","43","15c8bdba-05d9-11ec-a4c4-005056bb008a"
"aa1faa96-05d9-11ec-8227-005056bb008a","2021-08-25 19:21:36.188689","2021-08-25 19:21:36.188689","10","35","15c8bdba-05d9-11ec-a4c4-005056bb008a"
