"security_group_id","security_access_point_id"
"f8e0c218-2293-11ee-84f5-005056bb008a","46"
"f8e0c218-2293-11ee-84f5-005056bb008a","47"
"f8e0c218-2293-11ee-84f5-005056bb008a","51"
"f8e0c218-2293-11ee-84f5-005056bb008a","54"
"f8e0c218-2293-11ee-84f5-005056bb008a","58"
"f8e0c218-2293-11ee-84f5-005056bb008a","61"
"f8e0c218-2293-11ee-84f5-005056bb008a","64"
"f8e0c218-2293-11ee-84f5-005056bb008a","74"
"f8e0c218-2293-11ee-84f5-005056bb008a","75"
"f8e0c218-2293-11ee-84f5-005056bb008a","76"
"f8e0c218-2293-11ee-84f5-005056bb008a","77"
"f8e0c218-2293-11ee-84f5-005056bb008a","81"
"f8e0c218-2293-11ee-84f5-005056bb008a","84"
"f8e0c218-2293-11ee-84f5-005056bb008a","86"
"f8e0c218-2293-11ee-84f5-005056bb008a","88"
"f8e0d366-2293-11ee-84fe-005056bb008a","48"
"f8e0d366-2293-11ee-84fe-005056bb008a","50"
"f8e0d366-2293-11ee-84fe-005056bb008a","52"
"f8e0d366-2293-11ee-84fe-005056bb008a","91"
"f8e0d366-2293-11ee-84fe-005056bb008a","101"
"f8e0d366-2293-11ee-84fe-005056bb008a","115"
"f8e0d366-2293-11ee-84fe-005056bb008a","124"
"f8e0d366-2293-11ee-84fe-005056bb008a","156"
"f8e0c4c0-2293-11ee-84fd-005056bb008a","89"
"f8e0c4c0-2293-11ee-84fd-005056bb008a","90"
"f8e0c4c0-2293-11ee-84fd-005056bb008a","92"
"f8e0c4c0-2293-11ee-84fd-005056bb008a","93"
"f8e0c4c0-2293-11ee-84fd-005056bb008a","94"
"f8e0c4c0-2293-11ee-84fd-005056bb008a","95"
"f8e0c4c0-2293-11ee-84fd-005056bb008a","96"
"f8e0c4c0-2293-11ee-84fd-005056bb008a","97"
"f8e0c4c0-2293-11ee-84fd-005056bb008a","98"
"f8e0c4c0-2293-11ee-84fd-005056bb008a","99"
"f8e0c4c0-2293-11ee-84fd-005056bb008a","100"
"f8e0c4c0-2293-11ee-84fd-005056bb008a","102"
"f8e0c4c0-2293-11ee-84fd-005056bb008a","103"
"f8e0c4c0-2293-11ee-84fd-005056bb008a","104"
"f8e0c4c0-2293-11ee-84fd-005056bb008a","105"
"f8e0c4c0-2293-11ee-84fd-005056bb008a","106"
"f8e0c4c0-2293-11ee-84fd-005056bb008a","107"
"f8e0c4c0-2293-11ee-84fd-005056bb008a","108"
"f8e0c4c0-2293-11ee-84fd-005056bb008a","109"
"f8e0c4c0-2293-11ee-84fd-005056bb008a","110"
"f8e0c4c0-2293-11ee-84fd-005056bb008a","111"
"f8e0c4c0-2293-11ee-84fd-005056bb008a","112"
"f8e0c4c0-2293-11ee-84fd-005056bb008a","113"
"f8e0c4c0-2293-11ee-84fd-005056bb008a","114"
"f8e0c4c0-2293-11ee-84fd-005056bb008a","116"
"f8e0c4c0-2293-11ee-84fd-005056bb008a","117"
"f8e0c4c0-2293-11ee-84fd-005056bb008a","118"
"f8e0c4c0-2293-11ee-84fd-005056bb008a","119"
"f8e0c4c0-2293-11ee-84fd-005056bb008a","120"
"f8e0c4c0-2293-11ee-84fd-005056bb008a","121"
"f8e0c4c0-2293-11ee-84fd-005056bb008a","122"
"f8e0c4c0-2293-11ee-84fd-005056bb008a","123"
"f8e0c4c0-2293-11ee-84fd-005056bb008a","125"
"f8e0c4c0-2293-11ee-84fd-005056bb008a","126"
"f8e0c4c0-2293-11ee-84fd-005056bb008a","127"
"f8e0c4c0-2293-11ee-84fd-005056bb008a","128"
"f8e0c4c0-2293-11ee-84fd-005056bb008a","129"
"f8e0c4c0-2293-11ee-84fd-005056bb008a","130"
"f8e0c4c0-2293-11ee-84fd-005056bb008a","131"
"f8e0c4c0-2293-11ee-84fd-005056bb008a","132"
"f8e0c4c0-2293-11ee-84fd-005056bb008a","133"
"f8e0c4c0-2293-11ee-84fd-005056bb008a","134"
"f8e0c4c0-2293-11ee-84fd-005056bb008a","135"
"f8e0c4c0-2293-11ee-84fd-005056bb008a","136"
"f8e0c4c0-2293-11ee-84fd-005056bb008a","137"
"f8e0c4c0-2293-11ee-84fd-005056bb008a","138"
"f8e0c4c0-2293-11ee-84fd-005056bb008a","139"
"f8e0c4c0-2293-11ee-84fd-005056bb008a","140"
"f8e0c4c0-2293-11ee-84fd-005056bb008a","141"
"f8e0c4c0-2293-11ee-84fd-005056bb008a","142"
"f8e0c4c0-2293-11ee-84fd-005056bb008a","143"
"f8e0c4c0-2293-11ee-84fd-005056bb008a","144"
"f8e0c4c0-2293-11ee-84fd-005056bb008a","145"
"f8e0c4c0-2293-11ee-84fd-005056bb008a","146"
"f8e0c4c0-2293-11ee-84fd-005056bb008a","147"
"f8e0c4c0-2293-11ee-84fd-005056bb008a","148"
"f8e0c376-2293-11ee-84f9-005056bb008a","149"
"f8e0c376-2293-11ee-84f9-005056bb008a","150"
"f8e0c376-2293-11ee-84f9-005056bb008a","152"
"f8e0c376-2293-11ee-84f9-005056bb008a","153"
"f8e0c376-2293-11ee-84f9-005056bb008a","154"
"f8e0c286-2293-11ee-84f6-005056bb008a","45"
"f8e0c286-2293-11ee-84f6-005056bb008a","49"
"f8e0c286-2293-11ee-84f6-005056bb008a","53"
"f8e0c286-2293-11ee-84f6-005056bb008a","55"
"f8e0c286-2293-11ee-84f6-005056bb008a","56"
"f8e0c286-2293-11ee-84f6-005056bb008a","57"
"f8e0c286-2293-11ee-84f6-005056bb008a","59"
"f8e0c286-2293-11ee-84f6-005056bb008a","60"
"f8e0c286-2293-11ee-84f6-005056bb008a","62"
"f8e0c286-2293-11ee-84f6-005056bb008a","63"
"f8e0c286-2293-11ee-84f6-005056bb008a","65"
"f8e0c286-2293-11ee-84f6-005056bb008a","66"
"f8e0c286-2293-11ee-84f6-005056bb008a","67"
"f8e0c286-2293-11ee-84f6-005056bb008a","68"
"f8e0c286-2293-11ee-84f6-005056bb008a","69"
"f8e0c286-2293-11ee-84f6-005056bb008a","70"
"f8e0c286-2293-11ee-84f6-005056bb008a","71"
"f8e0c286-2293-11ee-84f6-005056bb008a","72"
"f8e0c286-2293-11ee-84f6-005056bb008a","73"
"f8e0c286-2293-11ee-84f6-005056bb008a","78"
"f8e0c286-2293-11ee-84f6-005056bb008a","79"
"f8e0c286-2293-11ee-84f6-005056bb008a","80"
"f8e0c286-2293-11ee-84f6-005056bb008a","82"
"f8e0c286-2293-11ee-84f6-005056bb008a","83"
"f8e0c286-2293-11ee-84f6-005056bb008a","85"
"f8e0c286-2293-11ee-84f6-005056bb008a","87"
"f8e0c376-2293-11ee-84f9-005056bb008a","157"
"f8e0c376-2293-11ee-84f9-005056bb008a","158"
"f8e0c376-2293-11ee-84f9-005056bb008a","159"
"f8e0c376-2293-11ee-84f9-005056bb008a","161"
"f8e0c376-2293-11ee-84f9-005056bb008a","162"
"f8e0c376-2293-11ee-84f9-005056bb008a","163"
"f8e0c376-2293-11ee-84f9-005056bb008a","164"
"f8e0c376-2293-11ee-84f9-005056bb008a","165"
"f8e0c376-2293-11ee-84f9-005056bb008a","166"
"f8e0c376-2293-11ee-84f9-005056bb008a","167"
"f8e0c2e0-2293-11ee-84f7-005056bb008a","1"
"f8e0c2e0-2293-11ee-84f7-005056bb008a","3"
"f8e0c2e0-2293-11ee-84f7-005056bb008a","4"
"f8e0c2e0-2293-11ee-84f7-005056bb008a","7"
"f8e0c2e0-2293-11ee-84f7-005056bb008a","8"
"f8e0c2e0-2293-11ee-84f7-005056bb008a","9"
"f8e0c2e0-2293-11ee-84f7-005056bb008a","12"
"f8e0c2e0-2293-11ee-84f7-005056bb008a","15"
"f8e0c2e0-2293-11ee-84f7-005056bb008a","16"
"f8e0c2e0-2293-11ee-84f7-005056bb008a","17"
"f8e0c2e0-2293-11ee-84f7-005056bb008a","23"
"f8e0c2e0-2293-11ee-84f7-005056bb008a","24"
"f8e0c2e0-2293-11ee-84f7-005056bb008a","25"
"f8e0c2e0-2293-11ee-84f7-005056bb008a","27"
"f8e0c2e0-2293-11ee-84f7-005056bb008a","28"
"f8e0c2e0-2293-11ee-84f7-005056bb008a","29"
"f8e0c2e0-2293-11ee-84f7-005056bb008a","30"
"f8e0c2e0-2293-11ee-84f7-005056bb008a","31"
"f8e0c2e0-2293-11ee-84f7-005056bb008a","32"
"f8e0c2e0-2293-11ee-84f7-005056bb008a","35"
"f8e0c2e0-2293-11ee-84f7-005056bb008a","36"
"f8e0c2e0-2293-11ee-84f7-005056bb008a","37"
"f8e0c326-2293-11ee-84f8-005056bb008a","2"
"f8e0c326-2293-11ee-84f8-005056bb008a","5"
"f8e0c326-2293-11ee-84f8-005056bb008a","6"
"f8e0c326-2293-11ee-84f8-005056bb008a","11"
"f8e0c326-2293-11ee-84f8-005056bb008a","13"
"f8e0c326-2293-11ee-84f8-005056bb008a","14"
"f8e0c326-2293-11ee-84f8-005056bb008a","18"
"f8e0c326-2293-11ee-84f8-005056bb008a","19"
"f8e0c326-2293-11ee-84f8-005056bb008a","20"
"f8e0c326-2293-11ee-84f8-005056bb008a","21"
"f8e0c326-2293-11ee-84f8-005056bb008a","26"
"f8e0c326-2293-11ee-84f8-005056bb008a","33"
"f8e0c326-2293-11ee-84f8-005056bb008a","34"
"f8e0c326-2293-11ee-84f8-005056bb008a","38"
"f8e0c420-2293-11ee-84fb-005056bb008a","39"
"f8e0c420-2293-11ee-84fb-005056bb008a","42"
"f8e0c420-2293-11ee-84fb-005056bb008a","43"
"f8e0c420-2293-11ee-84fb-005056bb008a","44"
"f8e0c47a-2293-11ee-84fc-005056bb008a","40"
"f8e0c47a-2293-11ee-84fc-005056bb008a","41"
"f8e0c376-2293-11ee-84f9-005056bb008a","168"
"f8e0c376-2293-11ee-84f9-005056bb008a","169"
"f8e0c376-2293-11ee-84f9-005056bb008a","170"
"f8e0c3bc-2293-11ee-84fa-005056bb008a","151"
"f8e0c3bc-2293-11ee-84fa-005056bb008a","155"
"f8e0c3bc-2293-11ee-84fa-005056bb008a","160"
"f8e0d366-2293-11ee-84fe-005056bb008a","22"
"d40fff9c-258d-11ee-9f0c-005056bb008a","1"
"d40fff9c-258d-11ee-9f0c-005056bb008a","3"
"d40fff9c-258d-11ee-9f0c-005056bb008a","4"
"d40fff9c-258d-11ee-9f0c-005056bb008a","7"
"d40fff9c-258d-11ee-9f0c-005056bb008a","8"
"d40fff9c-258d-11ee-9f0c-005056bb008a","9"
"d40fff9c-258d-11ee-9f0c-005056bb008a","12"
"d40fff9c-258d-11ee-9f0c-005056bb008a","15"
"d40fff9c-258d-11ee-9f0c-005056bb008a","16"
"d40fff9c-258d-11ee-9f0c-005056bb008a","17"
"d40fff9c-258d-11ee-9f0c-005056bb008a","23"
"d40fff9c-258d-11ee-9f0c-005056bb008a","24"
"d40fff9c-258d-11ee-9f0c-005056bb008a","25"
"d40fff9c-258d-11ee-9f0c-005056bb008a","27"
"d40fff9c-258d-11ee-9f0c-005056bb008a","28"
"d40fff9c-258d-11ee-9f0c-005056bb008a","29"
"d40fff9c-258d-11ee-9f0c-005056bb008a","30"
"d40fff9c-258d-11ee-9f0c-005056bb008a","31"
"d40fff9c-258d-11ee-9f0c-005056bb008a","32"
"d40fff9c-258d-11ee-9f0c-005056bb008a","35"
"d40fff9c-258d-11ee-9f0c-005056bb008a","36"
"d40fff9c-258d-11ee-9f0c-005056bb008a","37"
"d443aeaa-258d-11ee-9f0d-005056bb008a","2"
"d443aeaa-258d-11ee-9f0d-005056bb008a","5"
"d443aeaa-258d-11ee-9f0d-005056bb008a","6"
"d443aeaa-258d-11ee-9f0d-005056bb008a","11"
"d443aeaa-258d-11ee-9f0d-005056bb008a","13"
"d443aeaa-258d-11ee-9f0d-005056bb008a","14"
"d443aeaa-258d-11ee-9f0d-005056bb008a","18"
"d443aeaa-258d-11ee-9f0d-005056bb008a","19"
"d443aeaa-258d-11ee-9f0d-005056bb008a","20"
"d443aeaa-258d-11ee-9f0d-005056bb008a","21"
"d443aeaa-258d-11ee-9f0d-005056bb008a","26"
"d443aeaa-258d-11ee-9f0d-005056bb008a","33"
"d443aeaa-258d-11ee-9f0d-005056bb008a","34"
"d443aeaa-258d-11ee-9f0d-005056bb008a","38"
"d4df0648-258d-11ee-9f10-005056bb008a","39"
"d4df0648-258d-11ee-9f10-005056bb008a","42"
"d4df0648-258d-11ee-9f10-005056bb008a","43"
"d4df0648-258d-11ee-9f10-005056bb008a","44"
"d512f232-258d-11ee-9f11-005056bb008a","40"
"d512f232-258d-11ee-9f11-005056bb008a","41"
"d3dc80c2-258d-11ee-9f0b-005056bb008a","45"
"d3dc80c2-258d-11ee-9f0b-005056bb008a","49"
"d3dc80c2-258d-11ee-9f0b-005056bb008a","53"
"d3dc80c2-258d-11ee-9f0b-005056bb008a","55"
"d3dc80c2-258d-11ee-9f0b-005056bb008a","56"
"d3dc80c2-258d-11ee-9f0b-005056bb008a","57"
"d3dc80c2-258d-11ee-9f0b-005056bb008a","59"
"d3dc80c2-258d-11ee-9f0b-005056bb008a","60"
"d3dc80c2-258d-11ee-9f0b-005056bb008a","62"
"d3dc80c2-258d-11ee-9f0b-005056bb008a","63"
"d3dc80c2-258d-11ee-9f0b-005056bb008a","65"
"d3dc80c2-258d-11ee-9f0b-005056bb008a","66"
"d3dc80c2-258d-11ee-9f0b-005056bb008a","67"
"d3dc80c2-258d-11ee-9f0b-005056bb008a","68"
"d3dc80c2-258d-11ee-9f0b-005056bb008a","69"
"d3dc80c2-258d-11ee-9f0b-005056bb008a","70"
"d3dc80c2-258d-11ee-9f0b-005056bb008a","71"
"d3dc80c2-258d-11ee-9f0b-005056bb008a","72"
"d3dc80c2-258d-11ee-9f0b-005056bb008a","73"
"d3dc80c2-258d-11ee-9f0b-005056bb008a","78"
"d3dc80c2-258d-11ee-9f0b-005056bb008a","79"
"d3dc80c2-258d-11ee-9f0b-005056bb008a","80"
"d3dc80c2-258d-11ee-9f0b-005056bb008a","82"
"d3dc80c2-258d-11ee-9f0b-005056bb008a","83"
"d3dc80c2-258d-11ee-9f0b-005056bb008a","85"
"d3dc80c2-258d-11ee-9f0b-005056bb008a","87"
"d3a881d2-258d-11ee-9f0a-005056bb008a","46"
"d3a881d2-258d-11ee-9f0a-005056bb008a","47"
"d3a881d2-258d-11ee-9f0a-005056bb008a","51"
"d3a881d2-258d-11ee-9f0a-005056bb008a","54"
"d3a881d2-258d-11ee-9f0a-005056bb008a","58"
"d3a881d2-258d-11ee-9f0a-005056bb008a","61"
"d3a881d2-258d-11ee-9f0a-005056bb008a","64"
"d3a881d2-258d-11ee-9f0a-005056bb008a","74"
"d3a881d2-258d-11ee-9f0a-005056bb008a","75"
"d3a881d2-258d-11ee-9f0a-005056bb008a","76"
"d3a881d2-258d-11ee-9f0a-005056bb008a","77"
"d3a881d2-258d-11ee-9f0a-005056bb008a","81"
"d3a881d2-258d-11ee-9f0a-005056bb008a","84"
"d3a881d2-258d-11ee-9f0a-005056bb008a","86"
"d3a881d2-258d-11ee-9f0a-005056bb008a","88"
"d57a9f22-258d-11ee-9f13-005056bb008a","22"
"d57a9f22-258d-11ee-9f13-005056bb008a","48"
"d57a9f22-258d-11ee-9f13-005056bb008a","50"
"d57a9f22-258d-11ee-9f13-005056bb008a","52"
"d57a9f22-258d-11ee-9f13-005056bb008a","91"
"d57a9f22-258d-11ee-9f13-005056bb008a","101"
"d57a9f22-258d-11ee-9f13-005056bb008a","115"
"d57a9f22-258d-11ee-9f13-005056bb008a","124"
"d57a9f22-258d-11ee-9f13-005056bb008a","156"
"d546ca80-258d-11ee-9f12-005056bb008a","89"
"d546ca80-258d-11ee-9f12-005056bb008a","90"
"d546ca80-258d-11ee-9f12-005056bb008a","92"
"d546ca80-258d-11ee-9f12-005056bb008a","93"
"d546ca80-258d-11ee-9f12-005056bb008a","94"
"d546ca80-258d-11ee-9f12-005056bb008a","95"
"d546ca80-258d-11ee-9f12-005056bb008a","96"
"d546ca80-258d-11ee-9f12-005056bb008a","97"
"d546ca80-258d-11ee-9f12-005056bb008a","98"
"d546ca80-258d-11ee-9f12-005056bb008a","99"
"d546ca80-258d-11ee-9f12-005056bb008a","100"
"d546ca80-258d-11ee-9f12-005056bb008a","102"
"d546ca80-258d-11ee-9f12-005056bb008a","103"
"d546ca80-258d-11ee-9f12-005056bb008a","104"
"d546ca80-258d-11ee-9f12-005056bb008a","105"
"d546ca80-258d-11ee-9f12-005056bb008a","106"
"d546ca80-258d-11ee-9f12-005056bb008a","107"
"d546ca80-258d-11ee-9f12-005056bb008a","108"
"d546ca80-258d-11ee-9f12-005056bb008a","109"
"d546ca80-258d-11ee-9f12-005056bb008a","110"
"d546ca80-258d-11ee-9f12-005056bb008a","111"
"d546ca80-258d-11ee-9f12-005056bb008a","112"
"d546ca80-258d-11ee-9f12-005056bb008a","113"
"d546ca80-258d-11ee-9f12-005056bb008a","114"
"d546ca80-258d-11ee-9f12-005056bb008a","116"
"d546ca80-258d-11ee-9f12-005056bb008a","117"
"d546ca80-258d-11ee-9f12-005056bb008a","118"
"d546ca80-258d-11ee-9f12-005056bb008a","119"
"d546ca80-258d-11ee-9f12-005056bb008a","120"
"d546ca80-258d-11ee-9f12-005056bb008a","121"
"d546ca80-258d-11ee-9f12-005056bb008a","122"
"d546ca80-258d-11ee-9f12-005056bb008a","123"
"d546ca80-258d-11ee-9f12-005056bb008a","125"
"d546ca80-258d-11ee-9f12-005056bb008a","126"
"d546ca80-258d-11ee-9f12-005056bb008a","127"
"d546ca80-258d-11ee-9f12-005056bb008a","128"
"d546ca80-258d-11ee-9f12-005056bb008a","129"
"d546ca80-258d-11ee-9f12-005056bb008a","130"
"d546ca80-258d-11ee-9f12-005056bb008a","131"
"d546ca80-258d-11ee-9f12-005056bb008a","132"
"d546ca80-258d-11ee-9f12-005056bb008a","133"
"d546ca80-258d-11ee-9f12-005056bb008a","134"
"d546ca80-258d-11ee-9f12-005056bb008a","135"
"d546ca80-258d-11ee-9f12-005056bb008a","136"
"d546ca80-258d-11ee-9f12-005056bb008a","137"
"d546ca80-258d-11ee-9f12-005056bb008a","138"
"d546ca80-258d-11ee-9f12-005056bb008a","139"
"d546ca80-258d-11ee-9f12-005056bb008a","140"
"d546ca80-258d-11ee-9f12-005056bb008a","141"
"d546ca80-258d-11ee-9f12-005056bb008a","142"
"d546ca80-258d-11ee-9f12-005056bb008a","143"
"d546ca80-258d-11ee-9f12-005056bb008a","144"
"d546ca80-258d-11ee-9f12-005056bb008a","145"
"d546ca80-258d-11ee-9f12-005056bb008a","146"
"d546ca80-258d-11ee-9f12-005056bb008a","147"
"d546ca80-258d-11ee-9f12-005056bb008a","148"
"d477d6ee-258d-11ee-9f0e-005056bb008a","149"
"d477d6ee-258d-11ee-9f0e-005056bb008a","150"
"d477d6ee-258d-11ee-9f0e-005056bb008a","152"
"d477d6ee-258d-11ee-9f0e-005056bb008a","153"
"d477d6ee-258d-11ee-9f0e-005056bb008a","154"
"d477d6ee-258d-11ee-9f0e-005056bb008a","157"
"d477d6ee-258d-11ee-9f0e-005056bb008a","158"
"d477d6ee-258d-11ee-9f0e-005056bb008a","159"
"d477d6ee-258d-11ee-9f0e-005056bb008a","161"
"d477d6ee-258d-11ee-9f0e-005056bb008a","162"
"d477d6ee-258d-11ee-9f0e-005056bb008a","163"
"d477d6ee-258d-11ee-9f0e-005056bb008a","164"
"d477d6ee-258d-11ee-9f0e-005056bb008a","165"
"d477d6ee-258d-11ee-9f0e-005056bb008a","166"
"d477d6ee-258d-11ee-9f0e-005056bb008a","167"
"d477d6ee-258d-11ee-9f0e-005056bb008a","168"
"d477d6ee-258d-11ee-9f0e-005056bb008a","169"
"d477d6ee-258d-11ee-9f0e-005056bb008a","170"
"d4ab72ce-258d-11ee-9f0f-005056bb008a","151"
"d4ab72ce-258d-11ee-9f0f-005056bb008a","155"
"d4ab72ce-258d-11ee-9f0f-005056bb008a","160"
